ELECTION,OFFICECD,RECIPID,CANCLASS,RECIPNAME,COMMITTEE,FILING,SCHEDULE,PAGENO,SEQUENCENO,REFNO,DATE,REFUNDDATE,NAME,C_CODE,STRNO,STRNAME,APARTMENT,BOROUGHCD,CITY,STATE,ZIP,OCCUPATION,EMPNAME,EMPSTRNO,EMPSTRNAME,EMPCITY,EMPSTATE,AMNT,MATCHAMNT,PREVAMNT,PAY_METHOD,INTERMNO,INTERMNAME,INTSTRNO,INTSTRNM,INTAPTNO,INTCITY,INTST,INTZIP,INTEMPNAME,INTEMPSTNO,INTEMPSTNM,INTEMPCITY,INTEMPST,INTOCCUPA,PURPOSECD,EXEMPTCD,ADJTYPECD,RR_IND,SEG_IND,INT_C_CODE
2025,IS,Z193,,"Fix the City, Inc.",,15,ICONT,,,R000003590,4/7/2025,,"Ackman, William A",IND,,,,,,,,,,,,,,250000.00,0.00,0.00,5754,,,,,,,,,,,,,,,,,,,,
2025,IS,Z193,,"Fix the City, Inc.",,PD,ICONT,,,R000005241,6/13/2025,,"Ackman, William A",IND,,,,,,,,,,,,,,250000.00,0.00,0.00,5754,,,,,,,,,,,,,,,,,,,,
2025,IS,Z193,,"Fix the City, Inc.",,25,ICONT,,,R000005567,6/26/2025,,AECOM Technology Corporation,CORP,,,,,,,,,,,,,,125000.00,0.00,0.00,7834,,,,,,,,,,,,,,,,,,,,
2025,IS,Z193,,"Fix the City, Inc.",,26,ICONT,,,R000005574,6/30/2025,,Aibff Inc Corp,CORP,,,,,,,,,,,,,,75000.00,0.00,0.00,7858,,,,,,,,,,,,,,,,,,,,
2025,IS,Z193,,"Fix the City, Inc.",,13,ICONT,,,R000003550,3/24/2025,,"Altheim, Marc",IND,,,,,Lake Success,NY,11020,N/A,N/A,,,Lake Success,NY,10000.00,0.00,0.00,5665,,,,,,,,,,,,,,,,,,,,
2025,IS,Z193,,"Fix the City, Inc.",,23,ICONT,,,R000004986,6/2/2025,,Amalgamated Transit Union,OTHR,,,,,Silver Spring,MD,20903,,,,,,,100000.00,0.00,0.00,7278,,,,,,,,,,,,,,,,,,,,
2025,IS,Z193,,"Fix the City, Inc.",,34,ICONT,,,R000005768,8/27/2025,,"Applbaum, Isaac",IND,,,,,Oakland,CA,94610,Venture Capital,Self Employed,,,,,5000.00,0.00,0.00,8071,,,,,,,,,,,,,,,,,,,,
2025,IS,Z193,,"Fix the City, Inc.",,13,ICONT,,,R000003560,3/27/2025,,Arbor Realty Trust Inc PAC,OTHR,,,,,Uniondale,NY,11553,,,,,,,25000.00,0.00,0.00,5720,,,,,,,,,,,,,,,,,,,,
2025,IS,Z193,,"Fix the City, Inc.",,18,ICONT,,,R000004723,4/29/2025,,"Arrouet, Paul M",IND,,,,,,,,,,,,,,50000.00,0.00,0.00,6897,,,,,,,,,,,,,,,,,,,,
2025,IS,Z193,,"Fix the City, Inc.",,22,ICONT,,,R000004937,5/29/2025,,Asbestos Lead & Hazardous Waste,EMPO,,,,,Woodside,NY,11377,,,,,,,83001.00,0.00,0.00,7190,,,,,,,,,,,,,,,,,,,,
2025,IS,Z193,,"Fix the City, Inc.",,16,ICONT,,,R000004609,4/15/2025,,"Ashner, Michael L",IND,,,,,Jericho,NY,11753,Chairman and Chief Executive O,"Winthrop Capital Partners, L.P",,,Jericho,NY,5000.00,0.00,0.00,6782,,,,,,,,,,,,,,,,,,,,
2025,IS,Z193,,"Fix the City, Inc.",,17,ICONT,,,R000004629,4/23/2025,,Astoria Westway LLC,LLC,,,,,Roslyn,NY,11576,,,,,,,25000.00,0.00,0.00,6798,,,,,,,,,,,,,,,,,,,,
2025,IS,Z193,,"Fix the City, Inc.",,23,ICONT,,,R000005010,6/6/2025,,"Barnett, Gary",IND,,,,,Monsey,NY,10952,Real Estate,Extell,,,New York,NY,10000.00,0.00,0.00,7301,,,,,,,,,,,,,,,,,,,,
2025,IS,Z193,,"Fix the City, Inc.",,PD,ICONT,,,R000005397,6/17/2025,,"Barnett, Gershon",IND,,,,,,,,,,,,,,250000.00,0.00,0.00,7623,,,,,,,,,,,,,,,,,,,,
2025,IS,Z193,,"Fix the City, Inc.",,23,ICONT,,,R000004996,6/4/2025,,"Becker, Carol",IND,,,,,New York,NY,10010,Business Owner,William Greenberg Desserts,,,New York,NY,1000.00,0.00,0.00,7288,,,,,,,,,,,,,,,,,,,,
2025,IS,Z193,,"Fix the City, Inc.",,12,ICONT,,,R000003544,3/21/2025,,"Belluck Law, LLP",PART,,,,,New York,NY,10023,,,,,,,100000.00,0.00,0.00,5659,,,,,,,,,,,,,,,,,,,,
2025,IS,Z193,,"Fix the City, Inc.",,23,ICONT,,,R000005020,6/7/2025,,"Bender, Neil",IND,,,,,New York,NY,10014,Real Estate,William Gottlieb Management Co,,,New York,NY,10000.00,0.00,0.00,7306,,,,,,,,,,,,,,,,,,,,
2025,IS,Z193,,"Fix the City, Inc.",,PD,ICONT,,,R000005238,6/13/2025,,"Bikoff, Jill T",IND,,,,,Whitestone,NY,11357,N/A,N/A,,,Whitestone,NY,50000.00,0.00,0.00,7522,,,,,,,,,,,,,,,,,,,,
2025,IS,Z193,,"Fix the City, Inc.",,PD,ICONT,,,R000005237,6/13/2025,,"Bikoff, John D",IND,,,,,Whitestone,NY,11357,CEO,T O,,,New York,NY,50000.00,0.00,0.00,7521,,,,,,,,,,,,,,,,,,,,
2025,IS,Z193,,"Fix the City, Inc.",,17,ICONT,,,R000004671,4/25/2025,,"Blitz, Justin M",IND,,,,,,,,,,,,,,5000.00,0.00,0.00,6838,,,,,,,,,,,,,,,,,,,,
2025,IS,Z193,,"Fix the City, Inc.",,PD,ICONT,,,R000005249,6/13/2025,,"Blodgett, William",IND,,,,,Larchmont,NY,10538,Affordable Housing Developer,Treway Management,,,New York,NY,25000.00,0.00,0.00,7530,,,,,,,,,,,,,,,,,,,,
2025,IS,Z193,,"Fix the City, Inc.",,22,ICONT,,,R000004935,5/29/2025,,"Blonder, Mitchell",IND,,,,,Lindenhurst,NY,11757,Construction,Level 5 Carpentry Corp,,,Lindenhurst,NY,1000.00,0.00,0.00,7188,,,,,,,,,,,,,,,,,,,,
2025,IS,Z193,,"Fix the City, Inc.",,PD,ICONT,,,R000005193,6/12/2025,,"Bloomberg, Michael R",IND,,,,,New York,NY,10150,,,,,,,5000000.00,0.00,0.00,7482,,,,,,,,,,,,,,,,,,,,
2025,IS,Z193,,"Fix the City, Inc.",,PD,ICONT,,,R000005398,6/17/2025,,"Bloomberg, Michael R",IND,,,,,New York,NY,10150,,,,,,,3300000.00,0.00,0.00,7482,,,,,,,,,,,,,,,,,,,,
2025,IS,Z193,,"Fix the City, Inc.",,PD,ICONT,,,R000005068,6/9/2025,,"Bourkoff, Elana M",IND,,,,,Darrien,CT,06820,,Homemaker,,,,,36000.00,0.00,0.00,7368,,,,,,,,,,,,,,,,,,,,
2025,IS,Z193,,"Fix the City, Inc.",,21,ICONT,,,R000004880,5/23/2025,,"Bowes, Lee",IND,,,,,New York,NY,10017,Chief Executive Officer,America Works of NY Inc,,,New York,NY,5000.00,0.00,0.00,7106,,,,,,,,,,,,,,,,,,,,
2025,IS,Z193,,"Fix the City, Inc.",,21,ICONT,,,R000004875,5/22/2025,,Broadway 52nd LP,PART,,,,,New York,NY,10154,,,,,,,250000.00,0.00,0.00,7102,,,,,,,,,,,,,,,,,,,,
2025,IS,Z193,,"Fix the City, Inc.",,PD,ICONT,,,R000005364,6/16/2025,,Broadway 52nd LP,PART,,,,,New York,NY,10154,,,,,,,10000.00,0.00,0.00,7102,,,,,,,,,,,,,,,,,,,,
2025,IS,Z193,,"Fix the City, Inc.",,PD,ICONT,,,R000005111,6/10/2025,,"Brodsky, Daniel",IND,,,,,New York,NY,10075,Real Estate Developer,Self Employed,,,New York,NY,10000.00,0.00,0.00,7416,,,,,,,,,,,,,,,,,,,,
2025,IS,Z193,,"Fix the City, Inc.",,PD,ICONT,,,R000005394,6/17/2025,,"Bronfein, Michael",IND,,,,,Jupiter,FL,33458,Manager,RLC Capital Management,,,Jupiter,FL,5000.00,0.00,0.00,7620,,,,,,,,,,,,,,,,,,,,
2025,IS,Z193,,"Fix the City, Inc.",,PD,ICONT,,,R000005248,6/13/2025,,Brooks Hills Corp,CORP,,,,,Yonkers,NY,10704,,,,,,,5000.00,0.00,0.00,7529,,,,,,,,,,,,,,,,,,,,
2025,IS,Z193,,"Fix the City, Inc.",,23,ICONT,,,R000005013,6/6/2025,,BTEA Political Action Commitee Inc,OTHR,,,,,New York,NY,10018,,,,,,,50000.00,0.00,0.00,7303,,,,,,,,,,,,,,,,,,,,
2025,IS,Z193,,"Fix the City, Inc.",,17,ICONT,,,R000004664,4/24/2025,,Build New York Fund,OTHR,,,,,Bayridge,NY,11361,,,,,,,250000.00,0.00,0.00,6831,,,,,,,,,,,,,,,,,,,,
2025,IS,Z193,,"Fix the City, Inc.",,PD,ICONT,,,R000005502,6/20/2025,,"Burch, Tory A",IND,,,,,,,,,,,,,,30000.00,0.00,0.00,7752,,,,,,,,,,,,,,,,,,,,
2025,IS,Z193,,"Fix the City, Inc.",,21,ICONT,,,R000004879,5/23/2025,,"Burekhovich, David",IND,,,,,Brooklyn,NY,11210,,,,,,,5000.00,0.00,0.00,7105,,,,,,,,,,,,,,,,,,,,
2025,IS,Z193,,"Fix the City, Inc.",,PD,ICONT,,,R000005075,6/9/2025,,"Capoccia, Donald",IND,,,,,New York,NY,10012,Developer,BFC Partners Development LLC,,,Brooklyn,NY,50000.00,0.00,0.00,7371,,,,,,,,,,,,,,,,,,,,
2025,IS,Z193,,"Fix the City, Inc.",,PD,ICONT,,,R000005411,6/19/2025,,"Capoccia, Donald",IND,,,,,New York,NY,10012,Developer,BFC Partners Development LLC,,,Brooklyn,NY,10000.00,0.00,0.00,7371,,,,,,,,,,,,,,,,,,,,
2025,IS,Z193,,"Fix the City, Inc.",,17,ICONT,,,R000004670,4/24/2025,,Carpenters Fund for Growth and Progress,OTHR,,,,,,,,,,,,,,50000.00,0.00,0.00,6837,,,,,,,,,,,,,,,,,,,,
2025,IS,Z193,,"Fix the City, Inc.",,31,ICONT,,,R000005642,8/8/2025,,"Chancy, Aleksandra",IND,,,,,Rye,NY,10580,,,,,,,1000.00,0.00,0.00,7922,,,,,,,,,,,,,,,,,,,,
2025,IS,Z193,,"Fix the City, Inc.",,11,ICONT,,,R000003518,3/12/2025,,Charter Communications Inc,CORP,,,,,St Lous,MO,63131,,,,,,,125000.00,0.00,0.00,5610,,,,,,,,,,,,,,,,,,,,
2025,IS,Z193,,"Fix the City, Inc.",,23,ICONT,,,R000005003,6/4/2025,,Chartwell Church Street LLC,LLC,,,,,Williamsport,PA,17701,,,,,,,2500.00,0.00,0.00,7293,,,,,,,,,,,,,,,,,,,,
2025,IS,Z193,,"Fix the City, Inc.",,23,ICONT,,,R000005002,6/4/2025,,Chartwell Laurel Street LLC,LLC,,,,,Williamssport,PA,17701,,,,,,,2500.00,0.00,0.00,7292,,,,,,,,,,,,,,,,,,,,
2025,IS,Z193,,"Fix the City, Inc.",,17,ICONT,,,R000004655,4/23/2025,,Chateau GC LLC,LLC,,,,,Roslyn,NY,11576,,,,,,,25000.00,0.00,0.00,6824,,,,,,,,,,,,,,,,,,,,
2025,IS,Z193,,"Fix the City, Inc.",,23,ICONT,,,R000004983,6/2/2025,,"Cohen, Richard D",IND,,,,,New York,NY,10021,Real Estate,Capital Properties,,,New York,NY,100000.00,0.00,0.00,7271,,,,,,,,,,,,,,,,,,,,
2025,IS,Z193,,"Fix the City, Inc.",,11,ICONT,,,R000003527,3/13/2025,,"Cohen, Steven M",IND,,,,,Brooklyn,NY,11201,Partner,Blue Raven LLP and Kaplan Mart,,,New York,NY,25000.00,0.00,0.00,5619,,,,,,,,,,,,,,,,,,,,
2025,IS,Z193,,"Fix the City, Inc.",,PD,ICONT,,,R000005395,6/17/2025,,"Coleman, Stephanie",IND,,,,,New York,NY,10065,,,,,,,150000.00,0.00,0.00,7621,,,,,,,,,,,,,,,,,,,,
2025,IS,Z193,,"Fix the City, Inc.",,23,ICONT,,,R000005001,6/4/2025,,Commack Chi LLC,LLC,,,,,Commack,NY,11725,,,,,,,7500.00,0.00,0.00,7291,,,,,,,,,,,,,,,,,,,,
2025,IS,Z193,,"Fix the City, Inc.",,22,ICONT,,,R000004933,5/29/2025,,Construction and General Building Laborers Local79,EMPO,,,,,New York,NY,10001,,,,,,,83000.00,0.00,0.00,7186,,,,,,,,,,,,,,,,,,,,
2025,IS,Z193,,"Fix the City, Inc.",,PD,ICONT,,,R000005194,6/12/2025,,Contractors Association of Greater New York,CORP,,,,,New York,NY,10022,,,,,,,10000.00,0.00,0.00,7483,,,,,,,,,,,,,,,,,,,,
2025,IS,Z193,,"Fix the City, Inc.",,17,ICONT,,,R000004627,4/21/2025,,"Cooper, Brian M",IND,,,,,,,,,,,,,,5800.00,0.00,0.00,6796,,,,,,,,,,,,,,,,,,,,
2025,IS,Z193,,"Fix the City, Inc.",,12,ICONT,,,R000003541,3/21/2025,,"Cordo, John",IND,,,,,New Paltz,NY,12561,Attorney,Cordo & Co LLC,,,Albany,NY,25000.00,0.00,0.00,5640,,,,,,,,,,,,,,,,,,,,
2025,IS,Z193,,"Fix the City, Inc.",,16,ICONT,,,R000004610,4/15/2025,,County Builders LLC,LLC,,,,,Larchmont,NY,10538,,,,,,,50000.00,0.00,0.00,6783,,,,,,,,,,,,,,,,,,,,
2025,IS,Z193,,"Fix the City, Inc.",,15,ICONT,,,R000003600,4/12/2025,,"Creelan, Jeremy",IND,,,,,Brooklyn,NY,11201,Attorney,Jenner & Block LLP,,,New York,NY,10000.00,0.00,0.00,5764,,,,,,,,,,,,,,,,,,,,
2025,IS,Z193,,"Fix the City, Inc.",,PD,ICONT,,,R000005459,6/19/2025,,"Crespi, Neil S",IND,,,,,New York,NY,10022,Stock Broker,"Monness, Crespi, Hardt & Co.,",,,New York,NY,10000.00,0.00,0.00,7716,,,,,,,,,,,,,,,,,,,,
2025,IS,Z193,,"Fix the City, Inc.",,11,ICONT,,,R000003529,3/12/2025,,"Crotty, Gerald C",IND,,,,,Morristown,NJ,07960,Investment,Weichert Enterprises,,,Morris Plains,NJ,7900.00,0.00,0.00,5626,,,,,,,,,,,,,,,,,,,,
2025,IS,Z193,,"Fix the City, Inc.",,20,ICONT,,,R000004842,5/14/2025,,"D'Amico, David A",IND,,,,,New York,NY,10003,Construction Manager,Fifth Avenue Builders,,,New York,NY,10000.00,0.00,0.00,7051,,,,,,,,,,,,,,,,,,,,
2025,IS,Z193,,"Fix the City, Inc.",,PD,ICONT,,,R000005498,6/20/2025,,"Davidoff, Andrew",IND,,,,,,,,,,,,,,10000.00,0.00,0.00,7748,,,,,,,,,,,,,,,,,,,,
2025,IS,Z193,,"Fix the City, Inc.",,31,ICONT,,,R000005630,8/5/2025,,"Deutsch, James",IND,,,,,New York,NY,10024,Finance,GGHC,,,New York,NY,10000.00,0.00,0.00,7911,,,,,,,,,,,,,,,,,,,,
2025,IS,Z193,,"Fix the City, Inc.",,14,ICONT,,,R000003578,4/4/2025,,"Diller, Barry",IND,,,,,New York,NY,10014,Chair and Senior Executive,IAC,,,New York,NY,250000.00,0.00,0.00,5735,,,,,,,,,,,,,,,,,,,,
2025,IS,Z193,,"Fix the City, Inc.",,22,ICONT,,,R000004946,5/30/2025,,Ditmas Management Corp,CORP,,,,,New Hyde Park,NY,11042,,,,,,,6250.00,0.00,0.00,7200,,,,,,,,,,,,,,,,,,,,
2025,IS,Z193,,"Fix the City, Inc.",,22,ICONT,,,R000004947,5/30/2025,,Ditmas Management Corp,CORP,,,,,New Hyde Park,NY,11042,,,,,,,6250.00,0.00,0.00,7200,,,,,,,,,,,,,,,,,,,,
2025,IS,Z193,,"Fix the City, Inc.",,22,ICONT,,,R000004948,5/30/2025,,Ditmas Management Corp,CORP,,,,,New Hyde Park,NY,11042,,,,,,,6250.00,0.00,0.00,7200,,,,,,,,,,,,,,,,,,,,
2025,IS,Z193,,"Fix the City, Inc.",,22,ICONT,,,R000004949,5/30/2025,,Ditmas Management Corp,CORP,,,,,New Hyde Park,NY,11042,,,,,,,6250.00,0.00,0.00,7200,,,,,,,,,,,,,,,,,,,,
2025,IS,Z193,,"Fix the City, Inc.",,19,ICONT,,,R000004797,5/8/2025,,DoorDash Inc,CORP,,,,,San Francisco,CA,94105,,,,,,,1000000.00,0.00,0.00,6986,,,,,,,,,,,,,,,,,,,,
2025,IS,Z193,,"Fix the City, Inc.",,21,ICONT,,,R000004878,5/23/2025,,"Dowling, Michael J",IND,,,,,Northport,NY,11768,Health,Northwell,,,New York,NY,10000.00,0.00,0.00,7104,,,,,,,,,,,,,,,,,,,,
2025,IS,Z193,,"Fix the City, Inc.",,13,ICONT,,,R000003559,3/27/2025,,"Dozoretz, Beth",IND,,,,,Surfside,FL,33154,CEO,RID Ventures LLC,,,New York,NY,10000.00,0.00,0.00,5719,,,,,,,,,,,,,,,,,,,,
2025,IS,Z193,,"Fix the City, Inc.",,18,ICONT,,,R000004727,4/30/2025,,"DTX MGMT, LLC",LLC,,,,,,,,,,,,,,37475.00,0.00,0.00,6901,,,,,,,,,,,,,,,,,,,,
2025,IS,Z193,,"Fix the City, Inc.",,20,ICONT,,,R000004841,5/13/2025,,"DTX MGMT, LLC",LLC,,,,,,,,,,,,,,17475.00,0.00,0.00,6901,,,,,,,,,,,,,,,,,,,,
2025,IS,Z193,,"Fix the City, Inc.",,20,ICONT,,,R000004848,5/16/2025,,"DTX MGMT, LLC",LLC,,,,,,,,,,,,,,19975.00,0.00,0.00,6901,,,,,,,,,,,,,,,,,,,,
2025,IS,Z193,,"Fix the City, Inc.",,12,ICONT,,,R000003532,3/20/2025,,"Dubin, Glenn R",IND,,,,,New York,NY,10022,Investor,Self Employed,,,New York,NY,25000.00,0.00,0.00,5630,,,,,,,,,,,,,,,,,,,,
2025,IS,Z193,,"Fix the City, Inc.",,22,ICONT,,,R000004941,5/30/2025,,"Dyson, Robert R",IND,,,,,,,,,,,,,,20000.00,0.00,0.00,7193,,,,,,,,,,,,,,,,,,,,
2025,IS,Z193,,"Fix the City, Inc.",,12,ICONT,,,R000003533,3/20/2025,,"Ebers, Richard L",IND,,,,,New York,NY,10023,Entertainment Tickets,JAJ NYC LLC,,,New York,NY,10000.00,0.00,0.00,5631,,,,,,,,,,,,,,,,,,,,
2025,IS,Z193,,"Fix the City, Inc.",,11,ICONT,,,R000003517,3/14/2025,,"Effron, Blair W",IND,,,,,New York,NY,10075,Banking,Centerview,,,New York,NY,30000.00,0.00,0.00,5609,,,,,,,,,,,,,,,,,,,,
2025,IS,Z193,,"Fix the City, Inc.",,PD,ICONT,,,R000005366,6/16/2025,,"Eilian, Amanda",IND,,,,,Phoenix,AZ,85016,,,,,,,100000.00,0.00,0.00,7598,,,,,,,,,,,,,,,,,,,,
2025,IS,Z193,,"Fix the City, Inc.",,31,ICONT,,,R000005629,8/5/2025,,"Eisenberg, David",IND,,,,,New York,NY,10023,Investor,Zigg Capital,,,New York,NY,2500.00,0.00,0.00,7910,,,,,,,,,,,,,,,,,,,,
2025,IS,Z193,,"Fix the City, Inc.",,11,ICONT,,,R000003519,3/10/2025,,"Eisenberg, Douglas",IND,,,,,New York,NY,10128,CEO,A&E Real Estate Management,,,New York,NY,125000.00,0.00,0.00,5611,,,,,,,,,,,,,,,,,,,,
2025,IS,Z193,,"Fix the City, Inc.",,PD,ICONT,,,R000005359,6/16/2025,,"Eisenberg, Douglas",IND,,,,,New York,NY,10128,CEO,A&E Real Estate Management,,,New York,NY,75000.00,0.00,0.00,5611,,,,,,,,,,,,,,,,,,,,
2025,IS,Z193,,"Fix the City, Inc.",,15,ICONT,,,R000003592,4/11/2025,,"Elghanayan, Frederick",IND,,,,,New York,NY,10016,Real Estate Developer,TF Cornerstone,,,New York,NY,25000.00,0.00,0.00,5756,,,,,,,,,,,,,,,,,,,,
2025,IS,Z193,,"Fix the City, Inc.",,20,ICONT,,,R000004850,5/16/2025,,"Elghanayan, Henry",IND,,,,,New York,NY,10010,CEO,Rockrose Development,,,New York,NY,50000.00,0.00,0.00,7058,,,,,,,,,,,,,,,,,,,,
2025,IS,Z193,,"Fix the City, Inc.",,15,ICONT,,,R000003593,4/11/2025,,"Elghanayan, Kamran T",IND,,,,,New York,NY,10016,Real Estate Developer,TF Cornerstone,,,New York,NY,25000.00,0.00,0.00,5757,,,,,,,,,,,,,,,,,,,,
2025,IS,Z193,,"Fix the City, Inc.",,22,ICONT,,,R000004929,5/27/2025,,Enhanced Learning,OTHR,,,,,Brooklyn,NY,11219,,,,,,,1000.00,0.00,0.00,7182,,,,,,,,,,,,,,,,,,,,
2025,IS,Z193,,"Fix the City, Inc.",,15,ICONT,,,R000003594,4/11/2025,,Eponymous Associates LLC,LLC,,,,,Brooklyn,NY,11205,,,,,,,10000.00,0.00,0.00,5758,,,,,,,,,,,,,,,,,,,,
2025,IS,Z193,,"Fix the City, Inc.",,31,ICONT,,,R000005638,8/8/2025,,Equity Residential,OTHR,,,,,Chicago,IL,60606,,,,,,,10000.00,0.00,0.00,7918,,,,,,,,,,,,,,,,,,,,
2025,IS,Z193,,"Fix the City, Inc.",,11,ICONT,,,R000003511,3/3/2025,,"Fato, Luciana",IND,,,,,New York,NY,10024,Exec Vice President & Counsel,Seaport Entertainment Group In,,,New York,NY,100000.00,0.00,0.00,5602,,,,,,,,,,,,,,,,,,,,
2025,IS,Z193,,"Fix the City, Inc.",,PD,ICONT,,,R000005362,6/16/2025,,"Feldman, David",IND,,,,,New York,NY,10023,Attorney,City of New York,,,New York,NY,1000.00,0.00,0.00,7596,,,,,,,,,,,,,,,,,,,,
2025,IS,Z193,,"Fix the City, Inc.",,11,ICONT,,,R000003530,3/11/2025,,"Feldman, Steven",IND,,,,,New York,NY,10075,,,,,,,50000.00,0.00,0.00,5627,,,,,,,,,,,,,,,,,,,,
2025,IS,Z193,,"Fix the City, Inc.",,35,ICONT,,,R000005780,9/5/2025,,"Ferguson, Scott D",IND,,,,,New York,NY,10019,Investor,Sachem Head Capital Management,,,New York,NY,100000.00,0.00,0.00,8080,,,,,,,,,,,,,,,,,,,,
2025,IS,Z193,,"Fix the City, Inc.",,18,ICONT,,,R000004724,4/29/2025,,"Feshbach, Joseph",IND,,,,,New York,NY,10021,Stk Mkt,Self Employed,,,New York,NY,20000.00,0.00,0.00,6898,,,,,,,,,,,,,,,,,,,,
2025,IS,Z193,,"Fix the City, Inc.",,19,ICONT,,,R000004789,5/5/2025,,"Fetner, Harold",IND,,,,,New York,NY,10017,Real Estate,Fetner Properties,,,New York,NY,25000.00,0.00,0.00,6978,,,,,,,,,,,,,,,,,,,,
2025,IS,Z193,,"Fix the City, Inc.",,31,ICONT,,,R000005631,8/5/2025,,"Fine, Andrew",IND,,,,,New York,NY,10021,Venture Capital,Shl Investment Group USA Inc,,,New York,NY,5000.00,0.00,0.00,7912,,,,,,,,,,,,,,,,,,,,
2025,IS,Z193,,"Fix the City, Inc.",,14,ICONT,,,R000003585,4/1/2025,,"Fine, Peter",IND,,,,,New York,NY,10014,Manager,Atlantic Development Group,,,New York,NY,250000.00,0.00,0.00,5742,,,,,,,,,,,,,,,,,,,,
2025,IS,Z193,,"Fix the City, Inc.",,34,ICONT,,,R000005769,8/27/2025,,"Fischer, David",IND,,,,,New York,NY,10019,Partner,01 Advisors,,,New York,NY,10000.00,0.00,0.00,8072,,,,,,,,,,,,,,,,,,,,
2025,IS,Z193,,"Fix the City, Inc.",,12,ICONT,,,R000003535,3/21/2025,,"Fish, John F",IND,,,,,Boston,MA,02110,Chairman & CEO,Suffolk Construction,,,Boston,MA,250000.00,0.00,0.00,5634,,,,,,,,,,,,,,,,,,,,
2025,IS,Z193,,"Fix the City, Inc.",,15,ICONT,,,R000003591,4/11/2025,,Fisher Brothers Management Co LLC,LLC,,,,,New York,NY,10171,,,,,,,100000.00,0.00,0.00,5755,,,,,,,,,,,,,,,,,,,,
2025,IS,Z193,,"Fix the City, Inc.",,PD,ICONT,,,R000005413,6/18/2025,,Fisher Brothers Management Co LLC,LLC,,,,,New York,NY,10171,,,,,,,10000.00,0.00,0.00,5755,,,,,,,,,,,,,,,,,,,,
2025,IS,Z193,,"Fix the City, Inc.",,23,ICONT,,,R000004990,6/2/2025,,"Fleisher, Marc",IND,,,,,Palm Beach Gardens,FL,33418,Retired,Retired,,,Palm Beach Gardens,FL,1000.00,0.00,0.00,7283,,,,,,,,,,,,,,,,,,,,
2025,IS,Z193,,"Fix the City, Inc.",,23,ICONT,,,R000004992,6/3/2025,,"Fleishman, Martine",IND,,,,,Mamaroneck,NY,10543,Homemaker,None,,,Mamaroneck,NY,1000.00,0.00,0.00,7285,,,,,,,,,,,,,,,,,,,,
2025,IS,Z193,,"Fix the City, Inc.",,32,ICONT,,,R000005654,8/14/2025,,"Gardner, Jason",IND,,,,,Lafayette,CA,94549,,Self Employed,,,,,5000.00,0.00,0.00,7940,,,,,,,,,,,,,,,,,,,,
2025,IS,Z193,,"Fix the City, Inc.",,22,ICONT,,,R000004930,5/27/2025,,GC Plumbing & Heating Inc,CORP,,,,,Little Neck,NY,11363,,,,,,,5000.00,0.00,0.00,7183,,,,,,,,,,,,,,,,,,,,
2025,IS,Z193,,"Fix the City, Inc.",,14,ICONT,,,R000003581,4/3/2025,,Genova Burns LLC,LLC,,,,,Newark,NJ,07102,,,,,,,10000.00,0.00,0.00,5738,,,,,,,,,,,,,,,,,,,,
2025,IS,Z193,,"Fix the City, Inc.",,35,ICONT,,,R000005781,9/7/2025,,"Gladstone, Jane",IND,,,,,Watermill,NY,11976,CEO,Gladstone Family Office,,,,NY,1000.00,0.00,0.00,8086,,,,,,,,,,,,,,,,,,,,
2025,IS,Z193,,"Fix the City, Inc.",,PD,ICONT,,,R000005081,6/9/2025,,"Goldstein, Darin",IND,,,,,New York,NY,10014,Investment,SDG Capital Management,,,New York,NY,25000.00,0.00,0.00,7377,,,,,,,,,,,,,,,,,,,,
2025,IS,Z193,,"Fix the City, Inc.",,12,ICONT,,,R000003531,3/19/2025,,"Goldstein, Eli",IND,,,,,New York,NY,10013,Founder and Managing Partner,Radcliff Captial,,,New York,NY,12500.00,0.00,0.00,5628,,,,,,,,,,,,,,,,,,,,
2025,IS,Z193,,"Fix the City, Inc.",,22,ICONT,,,R000004932,5/29/2025,,"Gorton, Mark",IND,,,,,New York,NY,10013,Chairman,Tower Research Capital,,,New York,NY,250000.00,0.00,0.00,7185,,,,,,,,,,,,,,,,,,,,
2025,IS,Z193,,"Fix the City, Inc.",,14,ICONT,,,R000003582,4/3/2025,,"Gosin, Barry",IND,,,,,Greenwich,CT,06831,CEO,Newmark,,,New York,NY,25000.00,0.00,0.00,5739,,,,,,,,,,,,,,,,,,,,
2025,IS,Z193,,"Fix the City, Inc.",,23,ICONT,,,R000005046,6/2/2025,,"Greenblatt, Joel",IND,,,,,Sands Point,NY,11050,Managing Principal of Register,Gotham Asset Management LLC,,,New York,NY,250000.00,0.00,0.00,7333,,,,,,,,,,,,,,,,,,,,
2025,IS,Z193,,"Fix the City, Inc.",,11,ICONT,,,R000003526,3/14/2025,,"Guarino Hymowitz, Marcella",IND,,,,,New York,NY,10152,Not Employed,Not Employed,,,New York,NY,150000.00,0.00,0.00,5618,,,,,,,,,,,,,,,,,,,,
2025,IS,Z193,,"Fix the City, Inc.",,15,ICONT,,,R000003589,4/7/2025,,"Gural, Jeffrey",IND,,,,,New York,NY,10024,Chairman,GFP Real Estate,,,New York,NY,25000.00,0.00,0.00,5753,,,,,,,,,,,,,,,,,,,,
2025,IS,Z193,,"Fix the City, Inc.",,22,ICONT,,,R000004927,5/27/2025,,"Hagedorn, Jim",IND,,,,,Port Washington,NY,11500,Chairman and CEO,Scotts Miracle-Gro,,,Port Washington,NY,15000.00,0.00,0.00,7181,,,,,,,,,,,,,,,,,,,,
2025,IS,Z193,,"Fix the City, Inc.",,14,ICONT,,,R000003586,4/1/2025,,Halmar International LLC,LLC,,,,,Nanuet,NY,10954,,,,,,,250000.00,0.00,0.00,5743,,,,,,,,,,,,,,,,,,,,
2025,IS,Z193,,"Fix the City, Inc.",,PD,ICONT,,,R000005196,6/12/2025,,"Halpern, Jack",IND,,,,,New York,NY,10023,Real Estate Manager,90 Executive Payroll,,,New York,NY,2000.00,0.00,0.00,7485,,,,,,,,,,,,,,,,,,,,
2025,IS,Z193,,"Fix the City, Inc.",,16,ICONT,,,R000004615,4/18/2025,,"Hartman, Alan P",IND,,,,,New York,NY,10028,Banker,Centerview Partners,,,New York,NY,25000.00,0.00,0.00,6788,,,,,,,,,,,,,,,,,,,,
2025,IS,Z193,,"Fix the City, Inc.",,23,ICONT,,,R000005071,6/9/2025,,"Hartman, Alan P",IND,,,,,New York,NY,10028,Banker,Centerview Partners,,,New York,NY,20000.00,0.00,0.00,6788,,,,,,,,,,,,,,,,,,,,
2025,IS,Z193,,"Fix the City, Inc.",,21,ICONT,,,R000004872,5/22/2025,,"Hastings, Reed",IND,,,,,,,,,,,,,,250000.00,0.00,0.00,7099,,,,,,,,,,,,,,,,,,,,
2025,IS,Z193,,"Fix the City, Inc.",,PD,ICONT,,,R000005412,6/18/2025,,"Hertog, Roger",IND,,,,,West Palm Beach,FL,33401,Retired,Retired,,,West Palm Beach,FL,100000.00,0.00,0.00,7663,,,,,,,,,,,,,,,,,,,,
2025,IS,Z193,,"Fix the City, Inc.",,19,ICONT,,,R000004792,5/7/2025,,"Hess, John B",IND,,,,,New York,NY,10036,CEO,Hess Corporation,,,New York,NY,250000.00,0.00,0.00,6981,,,,,,,,,,,,,,,,,,,,
2025,IS,Z193,,"Fix the City, Inc.",,33,ICONT,,,R000005745,8/20/2025,,"Hess, John B",IND,,,,,New York,NY,10036,CEO,Hess Corporation,,,New York,NY,500000.00,0.00,0.00,6981,,,,,,,,,,,,,,,,,,,,
2025,IS,Z193,,"Fix the City, Inc.",,PD,ICONT,,,R000005401,6/18/2025,,"Hess, John B",IND,,,,,New York,NY,10036,CEO,Hess Corporation,,,New York,NY,250000.00,0.00,0.00,6981,,,,,,,,,,,,,,,,,,,,
2025,IS,Z193,,"Fix the City, Inc.",,16,ICONT,,,R000004607,4/15/2025,,HF Responsibility Fund,OTHR,,,,,New York,NY,10016,,,,,,,500.00,0.00,0.00,6780,,,,,,,,,,,,,,,,,,,,
2025,IS,Z193,,"Fix the City, Inc.",,PD,ICONT,,,R000005147,6/11/2025,,HNTB Corporation,CORP,,,,,Kansas City,MO,64105,,,,,,,100000.00,0.00,0.00,7461,,,,,,,,,,,,,,,,,,,,
2025,IS,Z193,,"Fix the City, Inc.",,PD,ICONT,,,R000005500,6/20/2025,,"Holliday, Marc",IND,,,,,,,,,,,,,,100000.00,0.00,0.00,7750,,,,,,,,,,,,,,,,,,,,
2025,IS,Z193,,"Fix the City, Inc.",,PD,ICONT,,,R000005501,6/20/2025,,Hoplodamus LLC,LLC,,,,,,,,,,,,,,50000.00,0.00,0.00,7751,,,,,,,,,,,,,,,,,,,,
2025,IS,Z193,,"Fix the City, Inc.",,11,ICONT,,,R000003521,3/11/2025,,"Hulsizer, Matthew N",IND,,,,,New York,NY,10106,Co-Founder & Managing Partner,Peak6,,,New York,NY,250000.00,0.00,0.00,5613,,,,,,,,,,,,,,,,,,,,
2025,IS,Z193,,"Fix the City, Inc.",,PD,ICONT,,,R000005073,6/9/2025,,"Hulsizer, Matthew N",IND,,,,,New York,NY,10106,Co-Founder & Managing Partner,Peak6,,,New York,NY,50000.00,0.00,0.00,5613,,,,,,,,,,,,,,,,,,,,
2025,IS,Z193,,"Fix the City, Inc.",,23,ICONT,,,R000005000,6/4/2025,,Huntington Village Hotel Partners LLC,LLC,,,,,Huntington,NY,11743,,,,,,,7500.00,0.00,0.00,7290,,,,,,,,,,,,,,,,,,,,
2025,IS,Z193,,"Fix the City, Inc.",,19,ICONT,,,R000004790,5/5/2025,,Indelible Management Solutions Inc,CORP,,,,,Tallahassee,FL,32311,,,,,,,25000.00,0.00,0.00,6979,,,,,,,,,,,,,,,,,,,,
2025,IS,Z193,,"Fix the City, Inc.",,PD,ICONT,,,R000005199,6/12/2025,,"Ioannou, Constantinos",IND,,,,,Whitestone,NY,11357,Contractor,ESG Inc,,,Astoria,NY,6000.00,0.00,0.00,7488,,,,,,,,,,,,,,,,,,,,
2025,IS,Z193,,"Fix the City, Inc.",,32,ICONT,,,R000005659,8/11/2025,,"Irom, Dan Jacob",IND,,,,,,,,,,,,,,25000.00,0.00,0.00,7953,,,,,,,,,,,,,,,,,,,,
2025,IS,Z193,,"Fix the City, Inc.",,13,ICONT,,,R000003558,3/27/2025,,"Irushalmi, Jack",IND,,,,,New York,NY,10028,President & CEO,Tri Star Construction,,,New York,NY,10000.00,0.00,0.00,5718,,,,,,,,,,,,,,,,,,,,
2025,IS,Z193,,"Fix the City, Inc.",,18,ICONT,,,R000004778,5/2/2025,,IUPAT DC09,EMPO,,,,,New York,NY,10011,,,,,,,25000.00,0.00,0.00,6954,,,,,,,,,,,,,,,,,,,,
2025,IS,Z193,,"Fix the City, Inc.",,21,ICONT,,,R000004881,5/23/2025,,"Jared Fixel, Lee",IND,,,,,New York,NY,10028,Investor,Addition,,,New York,NY,100000.00,0.00,0.00,7107,,,,,,,,,,,,,,,,,,,,
2025,IS,Z193,,"Fix the City, Inc.",,PD,ICONT,,,R000005561,6/23/2025,,"Javdan, David",IND,,,,,,,,Director,Alvarez and Marshal,,,,,10000.00,0.00,0.00,7819,,,,,,,,,,,,,,,,,,,,
2025,IS,Z193,,"Fix the City, Inc.",,12,ICONT,,,R000003537,3/21/2025,,"Jesselson, Daniel",IND,,,,,New York,NY,10022,N/A,N/A,,,New York,NH,50000.00,0.00,0.00,5636,,,,,,,,,,,,,,,,,,,,
2025,IS,Z193,,"Fix the City, Inc.",,12,ICONT,,,R000003538,3/21/2025,,"Jesselson, Michael",IND,,,,,New York,NY,10022,Investor,Jesselson Capital Corp,,,New York,NY,50000.00,0.00,0.00,5637,,,,,,,,,,,,,,,,,,,,
2025,IS,Z193,,"Fix the City, Inc.",,19,ICONT,,,R000004791,5/6/2025,,"Julis, Mitchell R",IND,,,,,,,,,,,,,,50000.00,0.00,0.00,6980,,,,,,,,,,,,,,,,,,,,
2025,IS,Z193,,"Fix the City, Inc.",,23,ICONT,,,R000004995,6/4/2025,,"Kalikow, Peter S",IND,,,,,New York,NY,10178,Real Estate Executive,H.J. Kalikow & Co LLC,,,New York,NY,10000.00,0.00,0.00,7287,,,,,,,,,,,,,,,,,,,,
2025,IS,Z193,,"Fix the City, Inc.",,23,ICONT,,,R000005005,6/4/2025,,"Kaplan, Roberta A",IND,,,,,New York,NY,10011,Attorney,Kaplan Martin LLP,,,New York,NY,10000.00,0.00,0.00,7295,,,,,,,,,,,,,,,,,,,,
2025,IS,Z193,,"Fix the City, Inc.",,PD,ICONT,,,R000005360,6/16/2025,,"Karp, Alexander C",IND,,,,,,,,,,,,,,90000.00,0.00,0.00,7594,,,,,,,,,,,,,,,,,,,,
2025,IS,Z193,,"Fix the City, Inc.",,23,ICONT,,,R000005021,6/8/2025,,"Kasner, Karen",IND,,,,,New York,NY,10021,Retired,Retired,,,New York,NY,1800.00,0.00,0.00,7307,,,,,,,,,,,,,,,,,,,,
2025,IS,Z193,,"Fix the City, Inc.",,23,ICONT,,,R000004987,6/2/2025,,KMMD LLC,LLC,,,,,Frisco,TX,75036,,,,,,,100000.00,0.00,0.00,7280,,,,,,,,,,,,,,,,,,,,
2025,IS,Z193,,"Fix the City, Inc.",,18,ICONT,,,R000004779,5/3/2025,,"Kodsi, Alain",IND,,,,,Brooklyn,NY,11201,Investment Management,Heights Advisors,,,Brookyln,NY,10000.00,0.00,0.00,6955,,,,,,,,,,,,,,,,,,,,
2025,IS,Z193,,"Fix the City, Inc.",,31,ICONT,,,R000005632,8/6/2025,,"Korff, Phyllis",IND,,,,,New York,NY,10128,Partner,Mayer Brown LLP,,,New York,NY,10000.00,0.00,0.00,7913,,,,,,,,,,,,,,,,,,,,
2025,IS,Z193,,"Fix the City, Inc.",,13,ICONT,,,R000003564,3/28/2025,,"Kors, Michael D",IND,,,,,New York,NY,10036,Chief Creative Officer,Michael Kors Inc,,,New York,NY,50000.00,0.00,0.00,5724,,,,,,,,,,,,,,,,,,,,
2025,IS,Z193,,"Fix the City, Inc.",,PD,ICONT,,,R000005392,6/17/2025,,"Kovner, Bruce",IND,,,,,Hobe Sound,FL,33455,Investor,Cam Capital,,,New York,NY,50000.00,0.00,0.00,7618,,,,,,,,,,,,,,,,,,,,
2025,IS,Z193,,"Fix the City, Inc.",,PD,ICONT,,,R000005393,6/17/2025,,"Kovner, Suzie",IND,,,,,Hobe Sound,FL,33455,Investor,Cam Capital,,,New York,NY,50000.00,0.00,0.00,7619,,,,,,,,,,,,,,,,,,,,
2025,IS,Z193,,"Fix the City, Inc.",,11,ICONT,,,R000003515,3/8/2025,,"Langone, Kenneth G",IND,,,,,New York,NY,10152,Invemed Associate,Invemed,,,New York,NY,50000.00,0.00,0.00,5606,,,,,,,,,,,,,,,,,,,,
2025,IS,Z193,,"Fix the City, Inc.",,23,ICONT,,,R000004994,6/4/2025,,"Langone, Kenneth G",IND,,,,,New York,NY,10152,Invemed Associate,Invemed,,,New York,NY,50000.00,0.00,0.00,5606,,,,,,,,,,,,,,,,,,,,
2025,IS,Z193,,"Fix the City, Inc.",,PD,ICONT,,,R000005251,6/13/2025,,"Lauder, Gary M",IND,,,,,New York,NY,10053,Venture Capitalist,Lauder Partners,,,New York,NY,25000.00,0.00,0.00,7531,,,,,,,,,,,,,,,,,,,,
2025,IS,Z193,,"Fix the City, Inc.",,18,ICONT,,,R000004777,5/2/2025,,"Lauder, William P",IND,,,,,New York,NY,10153,Chair of the Board of Director,Estee Lauder Companies,,,New York,NY,250000.00,0.00,0.00,6953,,,,,,,,,,,,,,,,,,,,
2025,IS,Z193,,"Fix the City, Inc.",,33,ICONT,,,R000005746,8/21/2025,,"Lauder, William P",IND,,,,,New York,NY,10153,Chair of the Board of Director,Estee Lauder Companies,,,New York,NY,500000.00,0.00,0.00,6953,,,,,,,,,,,,,,,,,,,,
2025,IS,Z193,,"Fix the City, Inc.",,PD,ICONT,,,R000005367,6/16/2025,,"Lauder, William P",IND,,,,,New York,NY,10153,Chair of the Board of Director,Estee Lauder Companies,,,New York,NY,250000.00,0.00,0.00,6953,,,,,,,,,,,,,,,,,,,,
2025,IS,Z193,,"Fix the City, Inc.",,23,ICONT,,,R000005018,6/6/2025,,"Lauder,, Jo Carole",IND,,,,,New York,NY,10153,,Self Employed,,,New York,NY,250000.00,0.00,0.00,7304,,,,,,,,,,,,,,,,,,,,
2025,IS,Z193,,"Fix the City, Inc.",,PD,ICONT,,,R000005150,6/11/2025,,"Ledecky, Jonathan",IND,,,,,,,,,,,,,,25000.00,0.00,0.00,7463,,,,,,,,,,,,,,,,,,,,
2025,IS,Z193,,"Fix the City, Inc.",,17,ICONT,,,R000004657,4/23/2025,,"Levander, Andrew",IND,,,,,New York,NY,10023,Attorney,Dechert LLP,,,New York,NY,2500.00,0.00,0.00,6826,,,,,,,,,,,,,,,,,,,,
2025,IS,Z193,,"Fix the City, Inc.",,11,ICONT,,,R000003513,3/4/2025,,Lightstone Real Estate Partners LLC,LLC,,,,,Lakewood,NJ,08701,,,,,,,100000.00,0.00,0.00,5604,,,,,,,,,,,,,,,,,,,,
2025,IS,Z193,,"Fix the City, Inc.",,PD,ICONT,,,R000005505,6/20/2025,,Liontree LLC,LLC,,,,,,,,,,,,,,50000.00,0.00,0.00,7754,,,,,,,,,,,,,,,,,,,,
2025,IS,Z193,,"Fix the City, Inc.",,13,ICONT,,,R000003557,3/26/2025,,"Loeb, Daniel S",IND,,,,,New York,NY,10001,Third Point LLC,CEO/CIO,,,New York,NY,250000.00,0.00,0.00,5717,,,,,,,,,,,,,,,,,,,,
2025,IS,Z193,,"Fix the City, Inc.",,PD,ICONT,,,R000005250,6/13/2025,,"Loeb, Daniel S",IND,,,,,New York,NY,10001,Third Point LLC,CEO/CIO,,,New York,NY,100000.00,0.00,0.00,5717,,,,,,,,,,,,,,,,,,,,
2025,IS,Z193,,"Fix the City, Inc.",,17,ICONT,,,R000004625,4/21/2025,,"Loewenson, Carol",IND,,,,,New York,NY,10023,Architect,Mitchell Giurgola,,,New York,NY,2500.00,0.00,0.00,6794,,,,,,,,,,,,,,,,,,,,
2025,IS,Z193,,"Fix the City, Inc.",,PD,ICONT,,,R000005414,6/18/2025,,"Logothetis, Nitzia",IND,,,,,,,,,,,,,,50000.00,0.00,0.00,7664,,,,,,,,,,,,,,,,,,,,
2025,IS,Z193,,"Fix the City, Inc.",,31,ICONT,,,R000005633,8/6/2025,,"Lowy, Daniel",IND,,,,,New York,NY,10023,CEO,EMU Health,,,Glendale,NY,10000.00,0.00,0.00,7914,,,,,,,,,,,,,,,,,,,,
2025,IS,Z193,,"Fix the City, Inc.",,20,ICONT,,,R000004843,5/14/2025,,LPG New York LLC,LLC,,,,,,,,,,,,,,10000.00,0.00,0.00,7052,,,,,,,,,,,,,,,,,,,,
2025,IS,Z193,,"Fix the City, Inc.",,21,ICONT,,,R000004876,5/23/2025,,"Lubetzky, Daniel",IND,,,,,,,,,,,,,,50000.00,0.00,0.00,7103,,,,,,,,,,,,,,,,,,,,
2025,IS,Z193,,"Fix the City, Inc.",,20,ICONT,,,R000004840,5/13/2025,,"Lyft, Inc",CORP,,,,,San Francisco,CA,94107,,,,,,,15000.00,0.00,0.00,7050,,,,,,,,,,,,,,,,,,,,
2025,IS,Z193,,"Fix the City, Inc.",,22,ICONT,,,R000004950,5/30/2025,,M&R Management Co Inc,CORP,,,,,Brookyln,NY,11229,,,,,,,25000.00,0.00,0.00,7202,,,,,,,,,,,,,,,,,,,,
2025,IS,Z193,,"Fix the City, Inc.",,17,ICONT,,,R000004624,4/21/2025,,Magnum Real Estate Group LLC,LLC,,,,,New York,NY,10014,,,,,,,50000.00,0.00,0.00,6793,,,,,,,,,,,,,,,,,,,,
2025,IS,Z193,,"Fix the City, Inc.",,PD,ICONT,,,R000005145,6/11/2025,,"Mahon, Christopher",IND,,,,,North Haven,CT,06473,Private Investigations,Integrity 1 Solutions,,,New York,NY,1000.00,0.00,0.00,7459,,,,,,,,,,,,,,,,,,,,
2025,IS,Z193,,"Fix the City, Inc.",,12,ICONT,,,R000003543,3/18/2025,,"Malkin, Anthony",IND,,,,,New York,NY,10120,Chairman and CEO,ESRT Empire State Realty Trust,,,New York,NY,100000.00,0.00,0.00,5658,,,,,,,,,,,,,,,,,,,,
2025,IS,Z193,,"Fix the City, Inc.",,15,ICONT,,,R000003588,4/7/2025,,"Malkin, Anthony",IND,,,,,New York,NY,10120,Chairman and CEO,ESRT Empire State Realty Trust,,,New York,NY,150000.00,0.00,0.00,5658,,,,,,,,,,,,,,,,,,,,
2025,IS,Z193,,"Fix the City, Inc.",,PD,ICONT,,,R000005149,6/11/2025,,"Malkin, Scott D",IND,,,,,New York,NY,10165,Chairman,Value Retail,,,New York,NY,25000.00,0.00,0.00,7462,,,,,,,,,,,,,,,,,,,,
2025,IS,Z193,,"Fix the City, Inc.",,12,ICONT,,,R000003540,3/21/2025,,"Malliakas, Eleftherios",IND,,,,,Bellmore,NY,11710,Principal,MGT Property Management,,,New York,NY,10000.00,0.00,0.00,5639,,,,,,,,,,,,,,,,,,,,
2025,IS,Z193,,"Fix the City, Inc.",,31,ICONT,,,R000005636,8/8/2025,,"Marcus, David",IND,,,,,Los Angeles,CA,90077,CEO,"Lightspark Group, Inc.",,,West Hollywood,CA,5000.00,0.00,0.00,7917,,,,,,,,,,,,,,,,,,,,
2025,IS,Z193,,"Fix the City, Inc.",,22,ICONT,,,R000004934,5/29/2025,,Mason Tenders District Council,OTHR,,,,,New York,NY,10018,,,,,,,84000.00,0.00,0.00,7187,,,,,,,,,,,,,,,,,,,,
2025,IS,Z193,,"Fix the City, Inc.",,23,ICONT,,,R000005009,6/5/2025,,MCR Investors LLC,LLC,,,,,,,,,,,,,,150000.00,0.00,0.00,7300,,,,,,,,,,,,,,,,,,,,
2025,IS,Z193,,"Fix the City, Inc.",,15,ICONT,,,R000003602,4/13/2025,,"Mehiel, Dennis",IND,,,,,West Harrison,NY,10604,Owner,Four M,,,West Harrison,NY,50000.00,0.00,0.00,5776,,,,,,,,,,,,,,,,,,,,
2025,IS,Z193,,"Fix the City, Inc.",,PD,ICONT,,,R000005562,6/23/2025,,"Mehta, Rajendra",IND,,,,,Manhasset,NY,11030,Info Tech,,,,,,1000.00,0.00,0.00,7820,,,,,,,,,,,,,,,,,,,,
2025,IS,Z193,,"Fix the City, Inc.",,17,ICONT,,,R000004626,4/21/2025,,"Meyer, Daniel",IND,,,,,New York,NY,10010,Restaurateur,Union Square Hospitality Group,,,New York,NY,5000.00,0.00,0.00,6795,,,,,,,,,,,,,,,,,,,,
2025,IS,Z193,,"Fix the City, Inc.",,17,ICONT,,,R000004630,4/23/2025,,Mid City Structures V LLC,LLC,,,,,Roslyn,NY,11576,,,,,,,25000.00,0.00,0.00,6799,,,,,,,,,,,,,,,,,,,,
2025,IS,Z193,,"Fix the City, Inc.",,PD,ICONT,,,R000005246,6/13/2025,,Midland Realty Associates Inc,CORP,,,,,Yonkers,NY,10704,,,,,,,5000.00,0.00,0.00,7527,,,,,,,,,,,,,,,,,,,,
2025,IS,Z193,,"Fix the City, Inc.",,18,ICONT,,,R000004722,4/29/2025,,"Milgram, Andrew",IND,,,,,Greenwich,CT,06831,Managing Partner & Chief Inves,Marblegate Asset Management,,,Greenwich,CT,50000.00,0.00,0.00,6896,,,,,,,,,,,,,,,,,,,,
2025,IS,Z193,,"Fix the City, Inc.",,22,ICONT,,,R000004936,5/29/2025,,"Mizzi, Joseph",IND,,,,,New York,NY,10005,Member,Sciame Construction LLC,,,New York,NY,25000.00,0.00,0.00,7189,,,,,,,,,,,,,,,,,,,,
2025,IS,Z193,,"Fix the City, Inc.",,23,ICONT,,,R000005008,6/5/2025,,"Moore, Lori",IND,,,,,New York,NY,10028,None,None,,,New York,NY,2000.00,0.00,0.00,7298,,,,,,,,,,,,,,,,,,,,
2025,IS,Z193,,"Fix the City, Inc.",,13,ICONT,,,R000003561,3/28/2025,,"Moran, Eric",IND,,,,,New York,NY,10013,Real Estate,RD Management LLC,,,New York,NY,10000.00,0.00,0.00,5721,,,,,,,,,,,,,,,,,,,,
2025,IS,Z193,,"Fix the City, Inc.",,12,ICONT,,,R000003542,3/18/2025,,"Morgan, Evan B",IND,,,,,New York,NY,10013,Investments,The Radcliff Companies,,,New York,NY,12500.00,0.00,0.00,5657,,,,,,,,,,,,,,,,,,,,
2025,IS,Z193,,"Fix the City, Inc.",,12,ICONT,,,R000003534,3/20/2025,,"Mugrabi, Alberto",IND,,,,,New York,NY,10021,Fine Art Dealer,Self Employed,,,New York,NY,25000.00,0.00,0.00,5633,,,,,,,,,,,,,,,,,,,,
2025,IS,Z193,,"Fix the City, Inc.",,21,ICONT,,,R000004868,5/19/2025,,"Mugrabi, Alberto",IND,,,,,New York,NY,10021,Fine Art Dealer,Self Employed,,,New York,NY,25000.00,0.00,0.00,5633,,,,,,,,,,,,,,,,,,,,
2025,IS,Z193,,"Fix the City, Inc.",,22,ICONT,,,R000004940,5/29/2025,,"Mugrabi, Alberto",IND,,,,,New York,NY,10021,Fine Art Dealer,Self Employed,,,New York,NY,50000.00,0.00,0.00,5633,,,,,,,,,,,,,,,,,,,,
2025,IS,Z193,,"Fix the City, Inc.",,22,ICONT,,,R000005183,5/30/2025,,"Murdoch, James",IND,,,,,New York,NY,10012,CEO,Lupa Systems,,,New York,NY,50000.00,0.00,0.00,7474,,,,,,,,,,,,,,,,,,,,
2025,IS,Z193,,"Fix the City, Inc.",,22,ICONT,,,R000004942,5/30/2025,,"Murdoch, Kathryn",IND,,,,,New York,NY,10012,CEO,Quadrivium Foundation,,,New York,NY,50000.00,0.00,0.00,7194,,,,,,,,,,,,,,,,,,,,
2025,IS,Z193,,"Fix the City, Inc.",,16,ICONT,,,R000004612,4/16/2025,,MWW Group LLC,LLC,,,,,,,,,,,,,,50000.00,0.00,0.00,6785,,,,,,,,,,,,,,,,,,,,
2025,IS,Z193,,"Fix the City, Inc.",,PD,ICONT,,,R000005197,6/12/2025,,Naftali Group EPU LLC,LLC,,,,,,,,,,,,,,150000.00,0.00,0.00,7486,,,,,,,,,,,,,,,,,,,,
2025,IS,Z193,,"Fix the City, Inc.",,23,ICONT,,,R000004989,6/2/2025,,"Natera, Inc.",CORP,,,,,Austin,TX,78753,,,,,,,20000.00,0.00,0.00,7282,,,,,,,,,,,,,,,,,,,,
2025,IS,Z193,,"Fix the City, Inc.",,33,ICONT,,,R000005744,8/18/2025,,"Natera, Inc.",CORP,,,,,Austin,TX,78753,,,,,,,10000.00,0.00,0.00,7282,,,,,,,,,,,,,,,,,,,,
2025,IS,Z193,,"Fix the City, Inc.",,21,ICONT,,,R000004874,5/22/2025,,"Nederlander, James L",IND,,,,,,,,,,,,,,125000.00,0.00,0.00,7101,,,,,,,,,,,,,,,,,,,,
2025,IS,Z193,,"Fix the City, Inc.",,21,ICONT,,,R000004873,5/22/2025,,"Nelles, Sharon",IND,,,,,Brooklyn,NY,11201,Sullivan & Cromwell LLP,Attorney,,,New York,NY,10000.00,0.00,0.00,7100,,,,,,,,,,,,,,,,,,,,
2025,IS,Z193,,"Fix the City, Inc.",,20,ICONT,,,R000004849,5/16/2025,,New York For All PAC,OTHR,,,,,Washington,DC,20024,,,,,,,25000.00,0.00,0.00,7057,,,,,,,,,,,,,,,,,,,,
2025,IS,Z193,,"Fix the City, Inc.",,PD,ICONT,,,R000005076,6/9/2025,,"Niehaus, Robert",IND,,,,,New York,NY,10022,Founder and Managing Partner,GCP Capital Partners LLC,,,New York,NY,250000.00,0.00,0.00,7372,,,,,,,,,,,,,,,,,,,,
2025,IS,Z193,,"Fix the City, Inc.",,15,ICONT,,,R000003598,4/11/2025,,Northeast Specialist Group LLC,LLC,,,,,Maspeth,NY,11378,,,,,,,10000.00,0.00,0.00,5762,,,,,,,,,,,,,,,,,,,,
2025,IS,Z193,,"Fix the City, Inc.",,18,ICONT,,,R000004730,5/1/2025,,NYCDCC Carpenters for Progress,OTHR,,,,,New York,NY,10014,,,,,,,100000.00,0.00,0.00,6904,,,,,,,,,,,,,,,,,,,,
2025,IS,Z193,,"Fix the City, Inc.",,13,ICONT,,,R000003563,3/24/2025,,"O'Neill (Mitra Hormozi), Mitra",IND,,,,,New York,NY,10019,Attorney,Kaplan Martin LLP,,,New York,NY,25000.00,0.00,0.00,5723,,,,,,,,,,,,,,,,,,,,
2025,IS,Z193,,"Fix the City, Inc.",,12,ICONT,,,R000003539,3/19/2025,,"Obergfell, Brian",IND,,,,,New York,NY,10271,Attorney,Self Employed,,,New York,NY,25000.00,0.00,0.00,5638,,,,,,,,,,,,,,,,,,,,
2025,IS,Z193,,"Fix the City, Inc.",,PD,ICONT,,,R000005504,6/20/2025,,"Och, Daniel",IND,,,,,,,,,,,,,,50000.00,0.00,0.00,7753,,,,,,,,,,,,,,,,,,,,
2025,IS,Z193,,"Fix the City, Inc.",,20,ICONT,,,R000004847,5/16/2025,,"Olshan, Michael E",IND,,,,,,,,,,,,,,45800.00,0.00,0.00,7056,,,,,,,,,,,,,,,,,,,,
2025,IS,Z193,,"Fix the City, Inc.",,PD,ICONT,,,R000005113,6/10/2025,,"Ostrau, Jonathan",IND,,,,,Amagansett,NY,11930,Executive,Alliant,,,New York,NY,10000.00,0.00,0.00,7417,,,,,,,,,,,,,,,,,,,,
2025,IS,Z193,,"Fix the City, Inc.",,PD,ICONT,,,R000005363,6/16/2025,,"Panepinto, Joseph",IND,,,,,Jersey City,NJ,07302,Real Estate,Panepinto Properties Inc,,,Jersey City,NJ,10000.00,0.00,0.00,7597,,,,,,,,,,,,,,,,,,,,
2025,IS,Z193,,"Fix the City, Inc.",,11,ICONT,,,R000003514,3/8/2025,,"Paolino, Jr, Joseph R",IND,,,,,Providence,RI,02903,Real Estate Developer/Owner,Self Employed,,,Providence,RI,25000.00,0.00,0.00,5605,,,,,,,,,,,,,,,,,,,,
2025,IS,Z193,,"Fix the City, Inc.",,23,ICONT,,,R000004991,6/3/2025,,"Papo, Michael",IND,,,,,New York,NY,10024,Retired,Retired,,,New York,NY,1000.00,0.00,0.00,7284,,,,,,,,,,,,,,,,,,,,
2025,IS,Z193,,"Fix the City, Inc.",,21,ICONT,,,R000004870,5/21/2025,,"Patterson, Katheryn C",IND,,,,,New York,NY,10021,Retired,Retired,,,New York,NY,50000.00,0.00,0.00,7097,,,,,,,,,,,,,,,,,,,,
2025,IS,Z193,,"Fix the City, Inc.",,PD,ICONT,,,R000005069,6/9/2025,,"Petracca, Lester",IND,,,,,Manhasset,NY,11030,Real Estate Developer,Triangle Equities,,,College Point,NY,50000.00,0.00,0.00,7369,,,,,,,,,,,,,,,,,,,,
2025,IS,Z193,,"Fix the City, Inc.",,16,ICONT,,,R000004613,4/17/2025,,"Pilku, Valon",IND,,,,,Brooklyn,NY,11228,CEO,"Core Scaffold Systems, Inc",,,Brooklyn,NY,5000.00,0.00,0.00,6786,,,,,,,,,,,,,,,,,,,,
2025,IS,Z193,,"Fix the City, Inc.",,15,ICONT,,,R000003595,4/11/2025,,Planned Development Management Corp.,CORP,,,,,New York,NY,10019,,,,,,,50000.00,0.00,0.00,5759,,,,,,,,,,,,,,,,,,,,
2025,IS,Z193,,"Fix the City, Inc.",,23,ICONT,,,R000004993,6/3/2025,,"Platt, Julie",IND,,,,,Los Angeles,CA,90024,None,None,,,Los Angeles,CA,1000.00,0.00,0.00,7286,,,,,,,,,,,,,,,,,,,,
2025,IS,Z193,,"Fix the City, Inc.",,16,ICONT,,,R000004619,4/17/2025,,"Poll, Dean",IND,,,,,New York,NY,10019,President & CEO,Gallaghers,,,New York,NY,30000.00,0.00,0.00,6791,,,,,,,,,,,,,,,,,,,,
2025,IS,Z193,,"Fix the City, Inc.",,17,ICONT,,,R000004631,4/23/2025,,Progressive Management of NY V LLC,LLC,,,,,Roslyn,NY,11576,,,,,,,25000.00,0.00,0.00,6800,,,,,,,,,,,,,,,,,,,,
2025,IS,Z193,,"Fix the City, Inc.",,17,ICONT,,,R000004668,4/24/2025,,"Psaros, Michael",IND,,,,,New York,NY,10065,Private Equity Investor,KPS Capital Partners LP,,,New York,NY,50000.00,0.00,0.00,6835,,,,,,,,,,,,,,,,,,,,
2025,IS,Z193,,"Fix the City, Inc.",,PD,ICONT,,,R000005140,6/11/2025,,"Rabin, Arthur",IND,,,,,New York,NY,10001,Sourcing President,Centric Brands,,,New York,NY,25000.00,0.00,0.00,7456,,,,,,,,,,,,,,,,,,,,
2025,IS,Z193,,"Fix the City, Inc.",,15,ICONT,,,R000003599,4/10/2025,,"Rabinowitz, Matthew",IND,,,,,Sunny Isles Beach,FL,33160,Chairman,"Natera, MyOme, NatureEye, Cent",,,,,5000.00,0.00,0.00,5763,,,,,,,,,,,,,,,,,,,,
2025,IS,Z193,,"Fix the City, Inc.",,PD,ICONT,,,R000005112,6/10/2025,,"Rabinowitz, Matthew",IND,,,,,Sunny Isles Beach,FL,33160,Chairman,"Natera, MyOme, NatureEye, Cent",,,,,2100.00,0.00,0.00,5763,,,,,,,,,,,,,,,,,,,,
2025,IS,Z193,,"Fix the City, Inc.",,PD,ICONT,,,R000005198,6/12/2025,,"Rafalovich, Lawrence",IND,,,,,Brooklyn,NY,11218,Electrical Contractor,Empire State Electrical,,,New York,NY,1000.00,0.00,0.00,7487,,,,,,,,,,,,,,,,,,,,
2025,IS,Z193,,"Fix the City, Inc.",,16,ICONT,,,R000004617,4/20/2025,,RAL Development Services LLC,LLC,,,,,New York,NY,10005,,,,,,,10000.00,0.00,0.00,6790,,,,,,,,,,,,,,,,,,,,
2025,IS,Z193,,"Fix the City, Inc.",,PD,ICONT,,,R000005070,6/9/2025,,"Rapfogel, Marc",IND,,,,,Woodmere,NY,11598,Appraiser,Self Employed,,,Woodmere,NY,1000.00,0.00,0.00,7370,,,,,,,,,,,,,,,,,,,,
2025,IS,Z193,,"Fix the City, Inc.",,19,ICONT,,,R000004796,5/8/2025,,"Ratner, Bruce",IND,,,,,New York,NY,10065,Real Estate Developer,Self Employed,,,New York,NY,36000.00,0.00,0.00,6985,,,,,,,,,,,,,,,,,,,,
2025,IS,Z193,,"Fix the City, Inc.",,19,ICONT,,,R000004798,5/9/2025,,"Rattner, Steven",IND,,,,,New York,NY,10028,Chairman and CEO,Willett Advisors LLC,,,New York,NY,25000.00,0.00,0.00,6987,,,,,,,,,,,,,,,,,,,,
2025,IS,Z193,,"Fix the City, Inc.",,11,ICONT,,,R000003528,3/14/2025,,"Rechler, Scott",IND,,,,,Glen Head,NY,11545,Chief Exec Officer & Chairman,RXR,,,New York,NY,250000.00,0.00,0.00,5625,,,,,,,,,,,,,,,,,,,,
2025,IS,Z193,,"Fix the City, Inc.",,20,ICONT,,,R000004838,5/12/2025,,"Renewal Construction Services, LLC",LLC,,,,,Bay Harbor Island,FL,33154,,,,,,,25000.00,0.00,0.00,7048,,,,,,,,,,,,,,,,,,,,
2025,IS,Z193,,"Fix the City, Inc.",,12,ICONT,,,R000003547,3/21/2025,,RFR HOLDING LLC,LLC,,,,,New York,NY,10152,,,,,,,100000.00,0.00,0.00,5662,,,,,,,,,,,,,,,,,,,,
2025,IS,Z193,,"Fix the City, Inc.",,22,ICONT,,,R000004938,5/29/2025,,"Richardson, Blair",IND,,,,,Denver,CO,80206,,,,,,,15000.00,0.00,0.00,7191,,,,,,,,,,,,,,,,,,,,
2025,IS,Z193,,"Fix the City, Inc.",,11,ICONT,,,R000003512,3/7/2025,,"Richardson, Blair E",IND,,,,,Denver,CO,80209,CEP,Bow River Capital,,,Denver,CO,10000.00,0.00,0.00,5603,,,,,,,,,,,,,,,,,,,,
2025,IS,Z193,,"Fix the City, Inc.",,18,ICONT,,,R000004729,5/1/2025,,"Riklis, Ira",IND,,,,,Atlantic Beach,NY,11509,Executive,Sutherland Capital Management,,,New York,NY,10000.00,0.00,0.00,6903,,,,,,,,,,,,,,,,,,,,
2025,IS,Z193,,"Fix the City, Inc.",,22,ICONT,,,R000004945,5/31/2025,,"Riklis, Ira",IND,,,,,Atlantic Beach,NY,11509,Executive,Sutherland Capital Management,,,New York,NY,10000.00,0.00,0.00,6903,,,,,,,,,,,,,,,,,,,,
2025,IS,Z193,,"Fix the City, Inc.",,17,ICONT,,,R000004658,4/24/2025,,"Rockefeller, Jr, David",IND,,,,,New York,NY,10020,Retired,Retired,,,New York,NY,25000.00,0.00,0.00,6827,,,,,,,,,,,,,,,,,,,,
2025,IS,Z193,,"Fix the City, Inc.",,16,ICONT,,,R000004611,4/16/2025,,"Rockefeller, Laurance",IND,,,,,New York,NY,10020,Attorney,Self Employed,,,New York,NY,25000.00,0.00,0.00,6784,,,,,,,,,,,,,,,,,,,,
2025,IS,Z193,,"Fix the City, Inc.",,23,ICONT,,,R000004961,6/2/2025,,"Rockefeller, Laurance",IND,,,,,New York,NY,10020,Attorney,Self Employed,,,New York,NY,10000.00,0.00,0.00,6784,,,,,,,,,,,,,,,,,,,,
2025,IS,Z193,,"Fix the City, Inc.",,17,ICONT,,,R000004659,4/24/2025,,"Rockefeller, Susan",IND,,,,,New York,NY,10020,Retired,Retired,,,New York,NY,25000.00,0.00,0.00,6828,,,,,,,,,,,,,,,,,,,,
2025,IS,Z193,,"Fix the City, Inc.",,15,ICONT,,,R000003596,4/11/2025,,"Rogers, Hartley",IND,,,,,New York,NY,10020,,,,,,,10000.00,0.00,0.00,5760,,,,,,,,,,,,,,,,,,,,
2025,IS,Z193,,"Fix the City, Inc.",,23,ICONT,,,R000004997,6/4/2025,,"Rolnick, Josh",IND,,,,,Brooklyn,NY,11238,Writer/Advisor,Walnut Ridge,,,,,1800.00,0.00,0.00,7289,,,,,,,,,,,,,,,,,,,,
2025,IS,Z193,,"Fix the City, Inc.",,20,ICONT,,,R000004845,5/15/2025,,"Rose,, Elihu",IND,,,,,New York,NY,10017,Founder,Susan and Elihu Rose Foundatio,,,New York City,NY,20000.00,0.00,0.00,7054,,,,,,,,,,,,,,,,,,,,
2025,IS,Z193,,"Fix the City, Inc.",,26,ICONT,,,R000005575,7/3/2025,,"Rosen, David",IND,,,,,Scarsdale,NY,10583,CEO,Rubric Capital,,,New York,NY,100000.00,0.00,0.00,7622,,,,,,,,,,,,,,,,,,,,
2025,IS,Z193,,"Fix the City, Inc.",,29,ICONT,,,R000005619,7/25/2025,,"Rosen, David",IND,,,,,Scarsdale,NY,10583,CEO,Rubric Capital,,,New York,NY,200000.00,0.00,0.00,7622,,,,,,,,,,,,,,,,,,,,
2025,IS,Z193,,"Fix the City, Inc.",,PD,ICONT,,,R000005396,6/17/2025,,"Rosen, David",IND,,,,,Scarsdale,NY,10583,CEO,Rubric Capital,,,New York,NY,100000.00,0.00,0.00,7622,,,,,,,,,,,,,,,,,,,,
2025,IS,Z193,,"Fix the City, Inc.",,13,ICONT,,,R000003556,3/25/2025,,"Rosenblatt, Samuel W",IND,,,,,New York,NY,10018,Commercial Real Estate Owner,Olmstead Properties Inc,,,New York,NY,10000.00,0.00,0.00,5716,,,,,,,,,,,,,,,,,,,,
2025,IS,Z193,,"Fix the City, Inc.",,11,ICONT,,,R000003516,3/14/2025,,"Rosman, Adam L",IND,,,,,New York,NY,10024,Attorney,Fiserv,,,New York,NY,50000.00,0.00,0.00,5608,,,,,,,,,,,,,,,,,,,,
2025,IS,Z193,,"Fix the City, Inc.",,12,ICONT,,,R000003536,3/21/2025,,"Ross, Stephen M",IND,,,,,West Palm Beach,FL,33401,Chairman,Related Ross,,,West Palm Beach,FL,50000.00,0.00,0.00,5635,,,,,,,,,,,,,,,,,,,,
2025,IS,Z193,,"Fix the City, Inc.",,18,ICONT,,,R000004725,4/30/2025,,"Roth, Daryl",IND,,,,,New York,NY,10021,Producer,Daryl Roth Productions,,,New York,NY,50000.00,0.00,0.00,6899,,,,,,,,,,,,,,,,,,,,
2025,IS,Z193,,"Fix the City, Inc.",,18,ICONT,,,R000004726,4/30/2025,,"Roth, Steven",IND,,,,,New York,NY,10021,Chairman & CEO,Vornado Realty Trust,,,New York,NY,150000.00,0.00,0.00,6900,,,,,,,,,,,,,,,,,,,,
2025,IS,Z193,,"Fix the City, Inc.",,23,ICONT,,,R000005019,6/6/2025,,"Ruben, Robert",IND,,,,,Rockville,MD,20850,Duane Morris LLP,Lawyer,,,Baltimore,MD,1000.00,0.00,0.00,7305,,,,,,,,,,,,,,,,,,,,
2025,IS,Z193,,"Fix the City, Inc.",,PD,ICONT,,,R000005499,6/20/2025,,"Rubenstein, Steven G",IND,,,,,,,,,,,,,,25000.00,0.00,0.00,7749,,,,,,,,,,,,,,,,,,,,
2025,IS,Z193,,"Fix the City, Inc.",,23,ICONT,,,R000005006,6/4/2025,,"Rubin, Robert E",IND,,,,,New York,NY,10075,Senior Counselor,Centerview Partners,,,New York,NY,25000.00,0.00,0.00,7296,,,,,,,,,,,,,,,,,,,,
2025,IS,Z193,,"Fix the City, Inc.",,13,ICONT,,,R000003555,3/25/2025,,"Ruterra Partners, LLC",LLC,,,,,Jericho,NY,11753,,,,,,,100000.00,0.00,0.00,5715,,,,,,,,,,,,,,,,,,,,
2025,IS,Z193,,"Fix the City, Inc.",,17,ICONT,,,R000004656,4/23/2025,,Sada Solar Partners LLC,LLC,,,,,Roslyn,NY,11576,,,,,,,25000.00,0.00,0.00,6825,,,,,,,,,,,,,,,,,,,,
2025,IS,Z193,,"Fix the City, Inc.",,PD,ICONT,,,R000005389,6/17/2025,,"Sandler, Ricky",IND,,,,,New York,NY,10023,Founder CEO/CIO,Eminence Capital,,,New york,NY,250000.00,0.00,0.00,7616,,,,,,,,,,,,,,,,,,,,
2025,IS,Z193,,"Fix the City, Inc.",,20,ICONT,,,R000004839,5/12/2025,,SBV RE Investments LLC,LLC,,,,,Bay Harbor Island,FL,33154,,,,,,,50000.00,0.00,0.00,7049,,,,,,,,,,,,,,,,,,,,
2025,IS,Z193,,"Fix the City, Inc.",,16,ICONT,,,R000004606,4/15/2025,,"Schwartz, Lisa",IND,,,,,Chappaqua,NY,10514,Not Employed,Not Employed,,,,,7500.00,0.00,0.00,6779,,,,,,,,,,,,,,,,,,,,
2025,IS,Z193,,"Fix the City, Inc.",,PD,ICONT,,,R000005080,6/9/2025,,"Scully, John H",IND,,,,,East Hampton,NY,11937,Chair of Making Waves Foundati,N/A,,,East Hampton,NY,10000.00,0.00,0.00,7376,,,,,,,,,,,,,,,,,,,,
2025,IS,Z193,,"Fix the City, Inc.",,PD,ICONT,,,R000005079,6/9/2025,,"Scully, Regina K",IND,,,,,East Hampton,NY,11937,President of Artemis Rising Fd,N/A,,,East Hampton,NY,10000.00,0.00,0.00,7375,,,,,,,,,,,,,,,,,,,,
2025,IS,Z193,,"Fix the City, Inc.",,12,ICONT,,,R000003546,3/21/2025,,SD Builders and Construction LLC,LLC,,,,,New York,NY,10016,,,,,,,10000.00,0.00,0.00,5661,,,,,,,,,,,,,,,,,,,,
2025,IS,Z193,,"Fix the City, Inc.",,18,ICONT,,,R000004721,4/28/2025,,"Secunda, Thomas",IND,,,,,New York,NY,10022,Co-Founder,Bloomberg LP,,,New York,NY,40000.00,0.00,0.00,6895,,,,,,,,,,,,,,,,,,,,
2025,IS,Z193,,"Fix the City, Inc.",,PD,ICONT,,,R000005242,6/13/2025,,"Seidman-Becker, Caryn",IND,,,,,,,,,,,,,,50000.00,0.00,0.00,7524,,,,,,,,,,,,,,,,,,,,
2025,IS,Z193,,"Fix the City, Inc.",,PD,ICONT,,,R000005563,6/23/2025,,"Shah, Michael",IND,,,,,New York,NY,10003,Manager,Delshah Capital LLC,,,,,15000.00,0.00,0.00,7821,,,,,,,,,,,,,,,,,,,,
2025,IS,Z193,,"Fix the City, Inc.",,18,ICONT,,,R000004728,4/30/2025,,"Shanus, Robin",IND,,,,,Brooklyn,NY,11201,Lawyer/Investor,Self Employed,,,Brooklyn,NY,1000.00,0.00,0.00,6902,,,,,,,,,,,,,,,,,,,,
2025,IS,Z193,,"Fix the City, Inc.",,PD,ICONT,,,R000005195,6/12/2025,,"Shapiro, Steve",IND,,,,,Sarasota,FL,34236,Portfolio Manager,Intrepid Family Office LLC,,,Sarasota,FL,1000.00,0.00,0.00,7484,,,,,,,,,,,,,,,,,,,,
2025,IS,Z193,,"Fix the City, Inc.",,PD,ICONT,,,R000005521,6/22/2025,,"Sheeron, Christopher",IND,,,,,Washington,DC,20016,CEO,Grayson & Co.,,,New York,NY,1000.00,0.00,0.00,7768,,,,,,,,,,,,,,,,,,,,
2025,IS,Z193,,"Fix the City, Inc.",,23,ICONT,,,R000005024,6/8/2025,,Sherman Creek Owner LLC,LLC,,,,,Floral Park,NY,11001,,,,,,,50000.00,0.00,0.00,7310,,,,,,,,,,,,,,,,,,,,
2025,IS,Z193,,"Fix the City, Inc.",,15,ICONT,,,R000003597,4/11/2025,,"Sidamon-Eristoff, Andrew",IND,,,,,Princeton,NJ,08540,Investor,Self Employed,,,Princeton,NJ,5000.00,0.00,0.00,5761,,,,,,,,,,,,,,,,,,,,
2025,IS,Z193,,"Fix the City, Inc.",,22,ICONT,,,R000004939,5/29/2025,,"Sidamon-Eristoff, Andrew",IND,,,,,Princeton,NJ,08540,Investor,Self Employed,,,Princeton,NJ,20000.00,0.00,0.00,5761,,,,,,,,,,,,,,,,,,,,
2025,IS,Z193,,"Fix the City, Inc.",,20,ICONT,,,R000004846,5/16/2025,,"Silverman, Amy Rose",IND,,,,,New York,NY,10017,CEo,Rose Associates,,,New York,NY,20000.00,0.00,0.00,7055,,,,,,,,,,,,,,,,,,,,
2025,IS,Z193,,"Fix the City, Inc.",,11,ICONT,,,R000003523,3/12/2025,,Simon Sports Management LLC,LLC,,,,,Cohoes,NY,12047,,,,,,,25000.00,0.00,0.00,5615,,,,,,,,,,,,,,,,,,,,
2025,IS,Z193,,"Fix the City, Inc.",,16,ICONT,,,R000004608,4/15/2025,,"Simon, Deborah J",IND,,,,,Carmel,IN,46032,Retired,Retired,,,,,150000.00,0.00,0.00,6781,,,,,,,,,,,,,,,,,,,,
2025,IS,Z193,,"Fix the City, Inc.",,21,ICONT,,,R000004871,5/21/2025,,"Singh, Maninder",IND,,,,,New York,NY,11426,Construction Business Owner,Self Employed,,,New York,NY,2100.00,0.00,0.00,7098,,,,,,,,,,,,,,,,,,,,
2025,IS,Z193,,"Fix the City, Inc.",,11,ICONT,,,R000003520,3/11/2025,,Skybridge Capital II LLC,LLC,,,,,New York,NY,10022,,,,,,,100000.00,0.00,0.00,5612,,,,,,,,,,,,,,,,,,,,
2025,IS,Z193,,"Fix the City, Inc.",,PD,ICONT,,,R000005067,6/9/2025,,Small Property Owners of New York,OTHR,,,,,Larchmont,NY,10538,,,,,,,500.00,0.00,0.00,7364,,,,,,,,,,,,,,,,,,,,
2025,IS,Z193,,"Fix the City, Inc.",,22,ICONT,,,R000004931,5/28/2025,,"Snyder, Jay",IND,,,,,New York,NY,10019,Financier,HBJ Investments,,,New York,NY,10000.00,0.00,0.00,7184,,,,,,,,,,,,,,,,,,,,
2025,IS,Z193,,"Fix the City, Inc.",,PD,ICONT,,,R000005507,6/20/2025,,Southport Financial Services LLC,LLC,,,,,Tampa,FL,33609,,,,,,,50000.00,0.00,0.00,7756,,,,,,,,,,,,,,,,,,,,
2025,IS,Z193,,"Fix the City, Inc.",,19,ICONT,,,R000004799,5/9/2025,,"Spector, Alfred Z",IND,,,,,Pelham Manor,NY,10803,Computer Scientist,MIT,,,,,2000.00,0.00,0.00,6988,,,,,,,,,,,,,,,,,,,,
2025,IS,Z193,,"Fix the City, Inc.",,19,ICONT,,,R000004794,5/8/2025,,"Spiegel, Michael",IND,,,,,New York,NY,10023,Administrator,Zvi Dov Rovt Academy,,,Brooklyn,NY,5000.00,0.00,0.00,6983,,,,,,,,,,,,,,,,,,,,
2025,IS,Z193,,"Fix the City, Inc.",,21,ICONT,,,R000004877,5/23/2025,,"Spiegel, Michael",IND,,,,,New York,NY,10023,Administrator,Zvi Dov Rovt Academy,,,Brooklyn,NY,5000.00,0.00,0.00,6983,,,,,,,,,,,,,,,,,,,,
2025,IS,Z193,,"Fix the City, Inc.",,14,ICONT,,,R000003579,4/3/2025,,"Stein, Benjamin",IND,,,,,New York,NY,10014,Finance,Spruce House Investment Manage,,,New York,NY,100000.00,0.00,0.00,5736,,,,,,,,,,,,,,,,,,,,
2025,IS,Z193,,"Fix the City, Inc.",,31,ICONT,,,R000005635,8/7/2025,,"Stern, Edward",IND,,,,,New York,NY,10024,Executive,Hartz Capital,,,New York,NY,9000.00,0.00,0.00,7916,,,,,,,,,,,,,,,,,,,,
2025,IS,Z193,,"Fix the City, Inc.",,14,ICONT,,,R000003580,4/3/2025,,"Sternberg, Zachary",IND,,,,,New York,NY,10014,Finance,Spruce House Investment Manage,,,New York,NY,100000.00,0.00,0.00,5737,,,,,,,,,,,,,,,,,,,,
2025,IS,Z193,,"Fix the City, Inc.",,34,ICONT,,,R000005766,8/25/2025,,"Szigethy, Bela",IND,,,,,New York,NY,10023,Investor,Self Employed,,,,,50000.00,0.00,0.00,8069,,,,,,,,,,,,,,,,,,,,
2025,IS,Z193,,"Fix the City, Inc.",,32,ICONT,,,R000005652,8/11/2025,,"Tavel, Sarah",IND,,,,,San Francisco,CA,94117,Venture Capital,Benchmark,,,San Francisco,CA,1000.00,0.00,0.00,7938,,,,,,,,,,,,,,,,,,,,
2025,IS,Z193,,"Fix the City, Inc.",,12,ICONT,,,R000003545,3/20/2025,,"Tese, Vincent",IND,,,,,Palm Beach,FL,33480,Investor,Self Employed,,,Palm Beach,NY,50000.00,0.00,0.00,5660,,,,,,,,,,,,,,,,,,,,
2025,IS,Z193,,"Fix the City, Inc.",,PD,ICONT,,,R000005148,6/11/2025,,"Tese, Vincent",IND,,,,,Palm Beach,FL,33480,Investor,Self Employed,,,Palm Beach,NY,50000.00,0.00,0.00,5660,,,,,,,,,,,,,,,,,,,,
2025,IS,Z193,,"Fix the City, Inc.",,PD,ICONT,,,R000005244,6/13/2025,,"Tesoriero-Capone, Juliana",IND,,,,,Thornwood,NY,10594,President,Capone Electrical Contractors,,,White Plains,NY,5000.00,0.00,0.00,7526,,,,,,,,,,,,,,,,,,,,
2025,IS,Z193,,"Fix the City, Inc.",,16,ICONT,,,R000004616,4/18/2025,,The Douglaston Companies I LLC,LLC,,,,,Douglaston,NY,11363,,,,,,,25000.00,0.00,0.00,6789,,,,,,,,,,,,,,,,,,,,
2025,IS,Z193,,"Fix the City, Inc.",,PD,ICONT,,,R000005503,6/20/2025,,The Douglaston Companies I LLC,LLC,,,,,Douglaston,NY,11363,,,,,,,25000.00,0.00,0.00,6789,,,,,,,,,,,,,,,,,,,,
2025,IS,Z193,,"Fix the City, Inc.",,13,ICONT,,,R000003562,3/28/2025,,The Durst Organization LP,PART,,,,,New York,NY,10036,,,,,,,100000.00,0.00,0.00,5722,,,,,,,,,,,,,,,,,,,,
2025,IS,Z193,,"Fix the City, Inc.",,PD,ICONT,,,R000005200,6/12/2025,,The Durst Organization LP,PART,,,,,New York,NY,10036,,,,,,,10000.00,0.00,0.00,5722,,,,,,,,,,,,,,,,,,,,
2025,IS,Z193,,"Fix the City, Inc.",,PD,ICONT,,,R000005460,6/19/2025,,The General Contractors Association of NY Inc,OTHR,,,,,New York,NY,10165,,,,,,,10000.00,0.00,0.00,7717,,,,,,,,,,,,,,,,,,,,
2025,IS,Z193,,"Fix the City, Inc.",,PD,ICONT,,,R000005131,6/11/2025,,"Tisch, Abigail M",IND,,,,,,,,,,,,,,7500.00,0.00,0.00,7447,,,,,,,,,,,,,,,,,,,,
2025,IS,Z193,,"Fix the City, Inc.",,PD,ICONT,,,R000005107,6/10/2025,,"Tisch, Andrew H",IND,,,,,,,,,,,,,,50000.00,0.00,0.00,7411,,,,,,,,,,,,,,,,,,,,
2025,IS,Z193,,"Fix the City, Inc.",,PD,ICONT,,,R000005110,6/10/2025,,"Tisch, Ann Rubenstein",IND,,,,,,,,,,,,,,50000.00,0.00,0.00,7415,,,,,,,,,,,,,,,,,,,,
2025,IS,Z193,,"Fix the City, Inc.",,PD,ICONT,,,R000005109,6/10/2025,,"Tisch, Elizabeth S",IND,,,,,,,,,,,,,,50000.00,0.00,0.00,7413,,,,,,,,,,,,,,,,,,,,
2025,IS,Z193,,"Fix the City, Inc.",,PD,ICONT,,,R000005390,6/17/2025,,"Tisch, Elizabeth S",IND,,,,,,,,,,,,,,50000.00,0.00,0.00,7413,,,,,,,,,,,,,,,,,,,,
2025,IS,Z193,,"Fix the City, Inc.",,PD,ICONT,,,R000005108,6/10/2025,,"Tisch, Jonathan M",IND,,,,,,,,,,,,,,50000.00,0.00,0.00,7412,,,,,,,,,,,,,,,,,,,,
2025,IS,Z193,,"Fix the City, Inc.",,PD,ICONT,,,R000005391,6/17/2025,,"Tisch, Jonathan M",IND,,,,,,,,,,,,,,50000.00,0.00,0.00,7412,,,,,,,,,,,,,,,,,,,,
2025,IS,Z193,,"Fix the City, Inc.",,19,ICONT,,,R000004793,5/8/2025,,"Tisch, Laurie M",IND,,,,,,,,,,,,,,35000.00,0.00,0.00,6982,,,,,,,,,,,,,,,,,,,,
2025,IS,Z193,,"Fix the City, Inc.",,PD,ICONT,,,R000005365,6/16/2025,,"Tisch, Laurie M",IND,,,,,,,,,,,,,,15000.00,0.00,0.00,6982,,,,,,,,,,,,,,,,,,,,
2025,IS,Z193,,"Fix the City, Inc.",,PD,ICONT,,,R000005239,6/13/2025,,Tishman Speyer Development LLC,LLC,,,,,New York,NY,10111,,,,,,,150000.00,0.00,0.00,7523,,,,,,,,,,,,,,,,,,,,
2025,IS,Z193,,"Fix the City, Inc.",,PD,ICONT,,,R000005146,6/11/2025,,"Tishman, Daniel",IND,,,,,,,,,,,,,,100000.00,0.00,0.00,7460,,,,,,,,,,,,,,,,,,,,
2025,IS,Z193,,"Fix the City, Inc.",,PD,ICONT,,,R000005247,6/13/2025,,Traction Power Corporation,CORP,,,,,Yonkers,NY,10704,,,,,,,15000.00,0.00,0.00,7528,,,,,,,,,,,,,,,,,,,,
2025,IS,Z193,,"Fix the City, Inc.",,23,ICONT,,,R000005047,6/5/2025,,Trilogy Advisors LLC,LLC,,,,,,,,,,,,,,250000.00,0.00,0.00,7334,,,,,,,,,,,,,,,,,,,,
2025,IS,Z193,,"Fix the City, Inc.",,PD,ICONT,,,R000005361,6/16/2025,,Trysler Construction,CORP,,,,,Brooklyn,NY,11235,,,,,,,5000.00,0.00,0.00,7595,,,,,,,,,,,,,,,,,,,,
2025,IS,Z193,,"Fix the City, Inc.",,16,ICONT,,,R000004614,4/17/2025,,Two Trees Management Co LLC,LLC,,,,,Brooklyn,NY,11201,,,,,,,250000.00,0.00,0.00,6787,,,,,,,,,,,,,,,,,,,,
2025,IS,Z193,,"Fix the City, Inc.",,PD,ICONT,,,R000005243,6/13/2025,,"Twomey, John",IND,,,,,Ridgewood,NY,11385,CEO,Self Employed,,,Ridgewood,NY,5000.00,0.00,0.00,7525,,,,,,,,,,,,,,,,,,,,
2025,IS,Z193,,"Fix the City, Inc.",,13,ICONT,,,R000003554,3/25/2025,,Urban Precast LLC,LLC,,,,,Kingston,NY,12401,,,,,,,10000.00,0.00,0.00,5668,,,,,,,,,,,,,,,,,,,,
2025,IS,Z193,,"Fix the City, Inc.",,34,ICONT,,,R000005770,8/28/2025,,"Valkin, Adam",IND,,,,,Newton,MA,02459,Finance,Vine Ventures,,,New York,NY,10000.00,0.00,0.00,8073,,,,,,,,,,,,,,,,,,,,
2025,IS,Z193,,"Fix the City, Inc.",,20,ICONT,,,R000004844,5/15/2025,,"Vecsler, Robert",IND,,,,,New York,NY,10075,Real Estate,Self Employed,,,New York,NY,2500.00,0.00,0.00,7053,,,,,,,,,,,,,,,,,,,,
2025,IS,Z193,,"Fix the City, Inc.",,19,ICONT,,,R000004795,5/8/2025,,"Waletzky, MD, Lucy R",IND,,,,,Pleasantville,NY,10570,Retired,Retired,,,,,5000.00,0.00,0.00,6984,,,,,,,,,,,,,,,,,,,,
2025,IS,Z193,,"Fix the City, Inc.",,14,ICONT,,,R000003584,4/2/2025,,"Walton, Alice L",IND,,,,,Bentonville,AR,72712,Philanthropist,Self Employed,,,Bentonville,AR,100000.00,0.00,0.00,5741,,,,,,,,,,,,,,,,,,,,
2025,IS,Z193,,"Fix the City, Inc.",,31,ICONT,,,R000005637,8/6/2025,,"Walton, Alice L",IND,,,,,Bentonville,AR,72712,Philanthropist,Self Employed,,,Bentonville,AR,100000.00,0.00,0.00,5741,,,,,,,,,,,,,,,,,,,,
2025,IS,Z193,,"Fix the City, Inc.",,22,ICONT,,,R000004944,5/30/2025,,"Weinraub, David",IND,,,,,Delmar,NY,12054,Consultant,Brown & Weinraub Advisors LLC,,,Albany,NY,10000.00,0.00,0.00,7196,,,,,,,,,,,,,,,,,,,,
2025,IS,Z193,,"Fix the City, Inc.",,13,ICONT,,,R000003553,3/25/2025,,"Weiss, Jerry",IND,,,,,Loundonville,NY,12211,Of Counsel,Barclay Damon LLP,,,New York,NY,20000.00,0.00,0.00,5667,,,,,,,,,,,,,,,,,,,,
2025,IS,Z193,,"Fix the City, Inc.",,PD,ICONT,,,R000005402,6/18/2025,,Whitewater II LLC,LLC,,,,,Blairstown,NJ,07825,,,,,,,50000.00,0.00,0.00,7662,,,,,,,,,,,,,,,,,,,,
2025,IS,Z193,,"Fix the City, Inc.",,34,ICONT,,,R000005767,8/27/2025,,"Wiczyk, Modi",IND,,,,,Beverly Hills,CA,90210,CEO,Media Rights Capital,,,Beverly Hills,CA,5000.00,0.00,0.00,8070,,,,,,,,,,,,,,,,,,,,
2025,IS,Z193,,"Fix the City, Inc.",,14,ICONT,,,R000003583,4/2/2025,,William M Joel Revocable Trust,OTHR,,,,,,,,,,,,,,50000.00,0.00,0.00,5740,,,,,,,,,,,,,,,,,,,,
2025,IS,Z193,,"Fix the City, Inc.",,21,ICONT,,,R000004869,5/20/2025,,"Wilpon, Jeffrey S",IND,,,,,Greenwich,CT,06830,,,,,,,25000.00,0.00,0.00,7096,,,,,,,,,,,,,,,,,,,,
2025,IS,Z193,,"Fix the City, Inc.",,17,ICONT,,,R000004628,4/22/2025,,"Wilson, Joanne",IND,,,,,New York,NY,10014,Entrepreneur and Investor,Gotham Gal,,,New York,NY,100000.00,0.00,0.00,6797,,,,,,,,,,,,,,,,,,,,
2025,IS,Z193,,"Fix the City, Inc.",,31,ICONT,,,R000005634,8/7/2025,,"Wolfe, Josh",IND,,,,,New York,NY,10010,Investor,Lux,,,New York,NY,5000.00,0.00,0.00,7915,,,,,,,,,,,,,,,,,,,,
2025,IS,Z193,,"Fix the City, Inc.",,17,ICONT,,,R000004654,4/23/2025,,Yellow Rock Associates LLC,LLC,,,,,Roslyn,NY,11576,,,,,,,25000.00,0.00,0.00,6823,,,,,,,,,,,,,,,,,,,,
2025,IS,Z193,,"Fix the City, Inc.",,14,ICONT,,,R000003587,3/31/2025,,Zapas Construction Corp,CORP,,,,,Astoria,NY,11103,,,,,,,5000.00,0.00,0.00,5744,,,,,,,,,,,,,,,,,,,,
2025,IS,Z193,,"Fix the City, Inc.",,PD,ICONT,,,R000005506,6/20/2025,,Zaremba Brown PLLC,LLC,,,,,,,,,,,,,,35000.00,0.00,0.00,7755,,,,,,,,,,,,,,,,,,,,
2025,IS,Z193,,"Fix the City, Inc.",,19,ICONT,,,R000004788,5/5/2025,,"Zinterhofer, Jack",IND,,,,,New York,NY,10012,Senior Presidential Assoc. GM,The Estee Lauder Companies,,,New York,NY,250000.00,0.00,0.00,6977,,,,,,,,,,,,,,,,,,,,
2025,IS,Z193,,"Fix the City, Inc.",,33,ICONT,,,R000005747,8/22/2025,,"Zinterhofer, Jack",IND,,,,,New York,NY,10012,Senior Presidential Assoc. GM,The Estee Lauder Companies,,,New York,NY,250000.00,0.00,0.00,6977,,,,,,,,,,,,,,,,,,,,
2025,IS,Z193,,"Fix the City, Inc.",,22,ICONT,,,R000004943,5/31/2025,,"Zuppone, Michael",IND,,,,,New York,NY,10023,Attorney,Paul Hastings LLP,,,New York,NY,3000.00,0.00,0.00,7195,,,,,,,,,,,,,,,,,,,,

